Player,Season,BA,SLG,total_barrels,barrels_batted_balls_percentage,barrels_plate_appearance_percentage
"Stanton, Giancarlo",2017,0.281,0.631,76,17.4,11.0
"Alonso, Pete",2019,0.26,0.583,66,15.8,9.5
"Judge, Aaron",2017,0.284,0.627,87,25.7,12.8
"Suárez, Eugenio",2019,0.271,0.572,54,13.8,8.2
"Davis, Khris",2018,0.247,0.549,70,17.2,10.7
"Soler, Jorge",2019,0.265,0.569,70,16.9,10.3
"Bellinger, Cody",2019,0.305,0.629,58,12.7,8.8
"Martinez, J.D.",2017,0.303,0.69,60,19.5,12.3
"Trout, Mike",2019,0.291,0.645,67,18.9,11.2
"Yelich, Christian",2019,0.329,0.671,59,15.8,10.2
"Davis, Khris",2017,0.247,0.528,67,17.7,10.3
"Martinez, J.D.",2018,0.33,0.629,69,16.0,10.6
"Arenado, Nolan",2019,0.315,0.583,40,8.0,6.0
"Bregman, Alex",2019,0.296,0.592,23,4.8,3.3
"Cruz, Nelson",2019,0.311,0.639,65,19.9,12.5
"Gallo, Joey",2017,0.209,0.537,56,22.1,10.5
"Gallo, Joey",2018,0.206,0.498,66,22.5,11.4
"Bellinger, Cody",2017,0.267,0.581,41,12.2,7.5
"Cruz, Nelson",2017,0.288,0.549,60,14.2,9.3
"Ramírez, José",2018,0.27,0.552,42,8.3,6.0
"Springer, George",2019,0.292,0.591,52,14.1,9.4
"Trout, Mike",2018,0.312,0.628,58,16.5,9.5
"Arenado, Nolan",2018,0.297,0.561,34,7.2,5.1
"Encarnación, Edwin",2017,0.258,0.504,44,10.3,6.6
"Freeman, Freddie",2019,0.295,0.549,58,12.3,8.4
"Lindor, Francisco",2018,0.277,0.519,52,9.3,7.0
"Morrison, Logan",2017,0.246,0.516,47,12.8,7.8
"Moustakas, Mike",2017,0.272,0.521,40,8.6,6.7
"Schwarber, Kyle",2019,0.25,0.531,55,14.5,9.0
"Smoak, Justin",2017,0.27,0.529,59,13.6,9.3
"Stanton, Giancarlo",2018,0.266,0.509,63,15.1,8.9
"Torres, Gleyber",2019,0.278,0.535,43,10.1,7.1
"Arenado, Nolan",2017,0.309,0.586,43,8.5,6.3
"Bell, Josh",2019,0.277,0.569,53,12.7,8.6
"Blackmon, Charlie",2017,0.331,0.601,45,8.7,6.2
"Cruz, Nelson",2018,0.256,0.509,55,13.8,9.3
"Donaldson, Josh",2019,0.259,0.521,62,15.7,9.4
"Machado, Manny",2018,0.297,0.538,60,11.3,8.5
"Ozuna, Marcell",2017,0.312,0.548,44,9.3,6.5
"Reyes, Franmil",2019,0.249,0.512,51,14.8,9.3
"Story, Trevor",2018,0.291,0.567,55,12.7,8.4
"Bruce, Jay",2017,0.254,0.508,44,10.5,7.1
"Carpenter, Matt",2018,0.257,0.523,56,13.7,8.3
"Chapman, Matt",2019,0.249,0.506,53,12.1,7.9
"Goldschmidt, Paul",2017,0.297,0.563,55,13.3,8.3
"Kepler, Max",2019,0.252,0.519,38,8.9,6.4
"Martinez, J.D.",2019,0.304,0.557,52,11.8,7.9
"Olson, Matt",2019,0.267,0.545,50,14.5,9.1
"Pederson, Joc",2019,0.249,0.538,35,10.3,6.8
"Votto, Joey",2017,0.32,0.578,44,9.1,6.2
"Yelich, Christian",2018,0.326,0.598,57,12.9,8.8
"Zimmerman, Ryan",2017,0.303,0.573,49,12.2,8.5
"Aguilar, Jesús",2018,0.274,0.539,41,11.4,7.2
"Escobar, Eduardo",2019,0.269,0.511,36,7.0,5.2
"Harper, Bryce",2019,0.26,0.51,59,14.8,8.7
"Mancini, Trey",2019,0.291,0.535,48,10.3,7.1
"Moustakas, Mike",2019,0.254,0.516,44,10.3,7.5
"Muncy, Max",2018,0.263,0.582,45,16.9,9.4
"Muncy, Max",2019,0.251,0.515,41,12.0,7.0
"Story, Trevor",2019,0.294,0.554,36,8.6,5.5
"Upton, Justin",2017,0.273,0.54,50,13.2,7.9
"Báez, Javier",2018,0.29,0.554,56,12.6,8.7
"Dozier, Brian",2017,0.271,0.498,40,8.4,5.7
"Encarnación, Edwin",2019,0.244,0.531,41,12.9,8.4
"Goldschmidt, Paul",2019,0.26,0.476,49,11.3,7.2
"Harper, Bryce",2018,0.249,0.496,45,11.5,6.5
"Hoskins, Rhys",2018,0.246,0.496,47,11.4,7.1
"Rendon, Anthony",2019,0.319,0.598,56,12.0,8.7
"Sánchez, Gary",2019,0.232,0.525,52,19.1,11.7
"Sanó, Miguel",2019,0.247,0.576,47,21.2,10.7
"Santana, Carlos",2019,0.281,0.515,45,9.6,6.6
"Soto, Juan",2019,0.282,0.548,51,12.3,7.7
"Springer, George",2017,0.283,0.522,41,9.3,6.5
"Suárez, Eugenio",2018,0.283,0.526,38,9.7,6.3
"Abreu, José",2017,0.304,0.552,48,9.5,7.1
"Abreu, José",2019,0.284,0.503,63,12.8,9.1
"Bogaerts, Xander",2019,0.309,0.555,42,8.4,6.0
"Calhoun, Kole",2019,0.232,0.467,44,11.2,7.0
"Conforto, Michael",2019,0.257,0.494,48,11.9,7.4
"Donaldson, Josh",2017,0.27,0.559,43,14.1,8.7
"Goldschmidt, Paul",2018,0.29,0.533,57,13.6,8.3
"Lindor, Francisco",2017,0.273,0.505,40,7.1,5.5
"Machado, Manny",2017,0.259,0.471,55,10.5,8.0
"Meadows, Austin",2019,0.291,0.558,50,12.5,8.5
"Renfroe, Hunter",2019,0.216,0.489,35,12.0,7.1
"Sánchez, Gary",2017,0.278,0.531,42,11.8,8.0
"Semien, Marcus",2019,0.285,0.522,47,8.5,6.3
"Trout, Mike",2017,0.306,0.629,42,13.3,8.3
"Betts, Mookie",2018,0.346,0.64,61,14.1,9.9
"Blackmon, Charlie",2019,0.314,0.576,40,8.3,6.3
"Devers, Rafael",2019,0.311,0.555,48,9.0,6.8
"Encarnación, Edwin",2018,0.246,0.474,42,11.2,7.3
"Lindor, Francisco",2019,0.284,0.518,38,7.5,5.8
"Machado, Manny",2019,0.256,0.462,37,8.0,5.6
"Marte, Ketel",2019,0.329,0.592,45,9.3,7.2
"Rizzo, Anthony",2017,0.273,0.507,45,9.3,6.5
"Rosario, Eddie",2019,0.276,0.5,41,8.5,6.9
"Schoop, Jonathan",2017,0.293,0.503,34,7.0,5.0
"Shaw, Travis",2018,0.241,0.48,41,10.3,7.0
"Altuve, Jose",2019,0.298,0.55,34,8.1,6.2
"Bregman, Alex",2018,0.286,0.532,39,7.6,5.5
"Bryant, Kris",2019,0.282,0.521,37,9.3,5.8
"Duvall, Adam",2017,0.249,0.48,38,8.9,5.9
"Garver, Mitch",2019,0.273,0.63,35,15.5,9.7
"Gurriel, Yuli",2019,0.298,0.541,18,3.6,2.9
"Grichuk, Randal",2019,0.232,0.457,36,8.5,5.7
"Jiménez, Eloy",2019,0.267,0.513,43,12.8,8.5
"Núñez, Renato",2019,0.244,0.46,43,10.7,7.2
"Shaw, Travis",2017,0.273,0.513,30,7.4,5.0
"Thames, Eric",2017,0.247,0.518,34,11.1,6.2
"Cron, C.J.",2018,0.253,0.493,44,12.2,7.9
"DeJong, Paul",2019,0.233,0.444,38,8.6,5.7
"Duda, Lucas",2017,0.217,0.496,35,12.1,7.1
"Lamb, Jake",2017,0.248,0.487,36,9.3,5.7
"Myers, Wil",2017,0.243,0.464,36,9.1,5.5
"Odor, Rougned",2017,0.204,0.397,27,6.0,4.1
"Odor, Rougned",2019,0.205,0.439,47,13.6,8.1
"Peralta, David",2018,0.293,0.516,34,7.8,5.5
"Reynolds, Mark",2017,0.267,0.487,29,8.3,4.9
"Santana, Domingo",2017,0.278,0.505,33,9.4,5.4
"Schebler, Scott",2017,0.233,0.484,36,10.2,6.8
"Schwarber, Kyle",2017,0.211,0.467,41,15.1,8.4
"Upton, Justin",2018,0.257,0.463,51,14.0,8.3
"Vogelbach, Daniel",2019,0.208,0.439,33,10.5,5.9
"Báez, Javier",2019,0.281,0.531,48,12.7,8.6
"Betts, Mookie",2019,0.295,0.524,52,10.3,7.4
"Blackmon, Charlie",2018,0.291,0.502,32,6.5,4.6
"Bryant, Kris",2017,0.295,0.537,41,9.6,6.2
"Harper, Bryce",2017,0.319,0.595,37,11.4,7.5
"Hoskins, Rhys",2019,0.226,0.454,39,9.7,5.5
"Napoli, Mike",2017,0.193,0.428,42,15.8,8.7
"Olson, Matt",2018,0.247,0.453,51,12.2,7.7
"Ozuna, Marcell",2019,0.241,0.472,45,12.1,8.2
"Ramírez, José",2017,0.318,0.583,26,5.0,4.0
"Walker, Christian",2019,0.259,0.476,49,13.1,8.1
"Alonso, Yonder",2017,0.266,0.501,33,9.9,6.3
"Conforto, Michael",2018,0.243,0.448,37,9.5,5.8
"Freeman, Freddie",2017,0.307,0.586,46,13.3,8.9
"Gardner, Brett",2019,0.251,0.503,15,3.9,2.7
"Grandal, Yasmani",2019,0.246,0.468,43,11.3,6.8
"McCutchen, Andrew",2017,0.279,0.486,35,7.7,5.4
"Morales, Kendrys",2017,0.25,0.445,43,10.0,7.1
"Moustakas, Mike",2018,0.251,0.459,42,8.8,6.6
"Puig, Yasiel",2017,0.263,0.487,38,9.4,6.7
"Sanó, Miguel",2017,0.264,0.507,40,15.9,8.3
"Santana, Danny",2019,0.283,0.534,31,9.5,6.1
"Alvarez, Yordan",2019,0.313,0.655,37,16.7,10.0
"Castellanos, Nick",2019,0.289,0.525,52,10.9,7.8
"Conforto, Michael",2017,0.279,0.555,32,12.2,7.3
"Dickerson, Corey",2017,0.282,0.49,33,7.5,5.3
"Frazier, Todd",2017,0.213,0.428,34,9.6,5.9
"Gennett, Scooter",2017,0.295,0.531,23,6.6,4.6
"Gregorius, Didi",2018,0.268,0.494,21,4.7,3.7
"Hicks, Aaron",2018,0.248,0.467,33,8.8,5.7
"Judge, Aaron",2018,0.278,0.528,43,16.2,8.6
"Judge, Aaron",2019,0.272,0.54,47,19.7,10.5
"Palka, Daniel",2018,0.24,0.484,38,14.4,8.5
"Perez, Salvador",2017,0.268,0.495,36,9.4,7.2
"Perez, Salvador",2018,0.235,0.439,44,10.8,8.1
"Piscotty, Stephen",2018,0.267,0.491,42,9.6,6.9
"Rizzo, Anthony",2019,0.293,0.52,29,6.8,4.7
"Rosario, Eddie",2017,0.29,0.507,33,7.4,5.6
"Seager, Kyle",2017,0.249,0.45,41,8.6,6.3
"Turner, Justin",2019,0.29,0.509,31,7.8,5.6
"Bell, Josh",2017,0.255,0.466,28,6.4,4.5
"Canha, Mark",2019,0.273,0.517,29,9.5,5.8
"Castellanos, Nick",2017,0.272,0.49,51,10.7,7.7
"Davidson, Matt",2017,0.22,0.452,39,15.4,8.8
"Davis, Chris",2017,0.215,0.423,34,12.8,6.5
"Dozier, Hunter",2019,0.279,0.522,38,10.0,6.5
"Granderson, Curtis",2017,0.212,0.452,36,10.9,6.8
"Haniger, Mitch",2018,0.285,0.493,47,10.3,6.9
"Hernández, Teoscar",2019,0.23,0.472,31,11.7,6.7
"Jones, Adam",2017,0.285,0.466,31,6.4,4.9
"LeMahieu, DJ",2019,0.327,0.518,39,7.5,6.0
"Renfroe, Hunter",2017,0.231,0.467,34,11.1,7.1
"Renfroe, Hunter",2018,0.248,0.504,37,12.4,8.4
"Schwarber, Kyle",2018,0.238,0.467,37,12.7,7.3
"Suárez, Eugenio",2017,0.26,0.461,27,6.9,4.3
"Bellinger, Cody",2018,0.26,0.47,35,8.6,5.5
"Bour, Justin",2017,0.289,0.536,31,10.8,7.2
"Cron, C.J.",2019,0.253,0.469,53,15.0,10.6
"DeJong, Paul",2017,0.285,0.532,27,9.2,6.1
"Gattis, Evan",2018,0.226,0.452,24,7.6,5.3
"Gregorius, Didi",2017,0.287,0.478,17,3.6,3.0
"Grichuk, Randal",2018,0.245,0.502,44,14.4,9.5
"Healy, Ryon",2017,0.271,0.451,33,7.6,5.5
"Hosmer, Eric",2017,0.318,0.498,35,7.0,5.2
"Joyce, Matt",2017,0.243,0.473,32,8.8,5.9
"Moncada, Yoán",2019,0.315,0.548,44,12.2,7.9
"Pederson, Joc",2018,0.248,0.522,26,8.3,5.9
"Realmuto, J.T.",2019,0.275,0.493,37,8.7,6.2
"Rendon, Anthony",2017,0.301,0.533,28,6.5,4.6
"Rizzo, Anthony",2018,0.283,0.47,32,6.5,4.8
"Smoak, Justin",2018,0.242,0.457,38,10.8,6.4
"Thames, Eric",2019,0.247,0.505,23,8.9,5.0
"Zunino, Mike",2017,0.251,0.509,33,14.5,7.6
"Albies, Ozzie",2018,0.261,0.452,25,4.7,3.7
"Albies, Ozzie",2019,0.295,0.5,35,6.6,5.0
"Altuve, Jose",2017,0.346,0.547,34,6.7,5.1
"Betts, Mookie",2017,0.264,0.459,25,4.5,3.5
"Chapman, Matt",2018,0.278,0.508,36,8.9,5.8
"Choo, Shin-Soo",2019,0.265,0.455,35,8.8,5.3
"Contreras, Willson",2019,0.272,0.533,30,11.5,7.3
"Correa, Carlos",2017,0.315,0.55,31,9.3,6.4
"Cozart, Zack",2017,0.297,0.548,16,4.4,3.2
"Franco, Maikel",2017,0.23,0.409,29,6.0,4.7
"Grandal, Yasmani",2018,0.241,0.466,37,11.6,7.1
"Happ, Ian",2017,0.253,0.514,32,13.3,7.7
"Healy, Ryon",2018,0.235,0.412,27,7.1,5.2
"Laureano, Ramón",2019,0.288,0.521,31,9.7,6.4
"Mancini, Trey",2017,0.293,0.488,41,10.0,7.0
"Mancini, Trey",2018,0.242,0.416,51,11.8,8.0
"McMahon, Ryan",2019,0.25,0.45,29,9.0,5.4
"Pérez, Roberto",2019,0.239,0.452,30,11.0,6.7
"Puig, Yasiel",2019,0.267,0.458,39,9.2,6.4
"Rendon, Anthony",2018,0.308,0.535,47,10.3,7.9
"Rosario, Eddie",2018,0.288,0.479,38,8.3,6.4
"Santana, Carlos",2018,0.229,0.414,33,6.9,4.9
"Story, Trevor",2017,0.239,0.457,33,10.5,5.9
"Torres, Gleyber",2018,0.271,0.48,29,9.2,6.0
"Villar, Jonathan",2019,0.274,0.453,32,6.8,4.5
"Alonso, Yonder",2018,0.25,0.421,39,9.8,6.8
"Báez, Javier",2017,0.273,0.48,28,8.4,5.5
"Bautista, José",2017,0.203,0.366,28,6.6,4.1
"Bogaerts, Xander",2018,0.288,0.522,41,9.8,7.1
"Cabrera, Asdrúbal",2018,0.262,0.458,31,7.2,5.2
"Canó, Robinson",2017,0.28,0.453,32,6.3,4.9
"Carpenter, Matt",2017,0.241,0.451,31,8.2,5.0
"Castellanos, Nick",2018,0.298,0.5,53,11.2,7.8
"Davis, Khris",2019,0.22,0.387,33,9.8,6.2
"Escobar, Eduardo",2018,0.272,0.489,37,8.3,5.9
"Freeman, Freddie",2018,0.309,0.505,46,9.3,6.5
"Galvis, Freddy",2019,0.26,0.438,23,5.5,3.9
"Gennett, Scooter",2018,0.31,0.49,27,5.8,4.2
"Lowrie, Jed",2018,0.267,0.448,25,5.3,3.7
"Marte, Starling",2019,0.295,0.503,36,8.0,6.1
"McNeil, Jeff",2019,0.318,0.531,21,4.8,3.7
"Murphy, Daniel",2017,0.322,0.543,22,4.8,3.7
"Ozuna, Marcell",2018,0.28,0.433,46,9.7,7.3
"Pham, Tommy",2017,0.306,0.52,31,9.3,5.8
"Polanco, Gregory",2018,0.254,0.499,33,9.4,6.2
"Puig, Yasiel",2018,0.267,0.494,34,10.6,7.7
"Pujols, Albert",2017,0.241,0.386,27,5.4,4.2
"Pujols, Albert",2019,0.244,0.43,25,5.8,4.6
"Ramírez, José",2019,0.255,0.479,26,6.3,4.8
"Santana, Carlos",2017,0.259,0.455,36,7.5,5.4
"Schoop, Jonathan",2019,0.256,0.473,28,8.8,6.0
"Seager, Kyle",2019,0.239,0.468,26,8.4,5.9
"Trumbo, Mark",2017,0.234,0.397,29,7.1,4.8
"Vázquez, Christian",2019,0.276,0.477,23,5.9,4.4
"Abreu, José",2018,0.265,0.473,36,9.1,6.5
"Beckham, Tim",2017,0.278,0.454,35,9.5,6.1
"Brantley, Michael",2019,0.311,0.503,28,5.5,4.4
"Braun, Ryan",2019,0.285,0.505,34,9.5,6.7
"Castro, Starlin",2019,0.27,0.436,33,6.2,4.9
"Choo, Shin-Soo",2017,0.261,0.423,36,8.6,5.7
"Davis, J.D.",2019,0.307,0.527,35,11.1,7.7
"Desmond, Ian",2018,0.236,0.422,29,7.0,4.7
"Franco, Maikel",2018,0.27,0.467,24,6.4,5.2
"Grandal, Yasmani",2017,0.247,0.459,23,7.4,4.8
"Grichuk, Randal",2017,0.238,0.473,45,16.0,10.2
"Hernández, Teoscar",2018,0.239,0.468,49,15.5,9.4
"Herrera, Odúbel",2018,0.255,0.42,21,4.9,3.5
"Hosmer, Eric",2019,0.265,0.425,33,7.2,4.9
"Joseph, Tommy",2017,0.24,0.432,27,7.3,5.1
"Kinsler, Ian",2017,0.236,0.412,23,4.9,3.8
"Moreland, Mitch",2017,0.246,0.443,47,12.0,8.2
"Moss, Brandon",2017,0.207,0.428,35,14.8,8.7
"Narváez, Omar",2019,0.278,0.46,18,5.3,3.7
"Ohtani, Shohei",2018,0.285,0.564,36,16.0,9.8
"Polanco, Jorge",2019,0.295,0.485,35,6.7,5.0
"Seager, Corey",2017,0.295,0.479,35,8.5,5.7
"Seager, Kyle",2018,0.221,0.4,25,5.6,4.0
"Smoak, Justin",2019,0.208,0.406,34,11.0,6.8
"Soto, Juan",2018,0.292,0.517,31,9.8,6.3
"Springer, George",2018,0.265,0.434,38,8.9,6.2
"Valbuena, Luis",2017,0.199,0.432,27,11.0,6.7
"Choo, Shin-Soo",2018,0.264,0.434,45,11.1,6.8
"Contreras, Willson",2017,0.276,0.499,29,10.3,6.8
"Devers, Rafael",2018,0.24,0.433,30,9.1,6.1
"Dozier, Brian",2018,0.215,0.391,27,6.3,4.3
"Escobar, Eduardo",2017,0.254,0.449,30,8.3,6.0
"Frazier, Todd",2019,0.251,0.443,25,7.3,5.0
"Gardner, Brett",2017,0.264,0.428,18,3.8,2.6
"Heyward, Jason",2019,0.251,0.429,23,5.7,3.9
"Kemp, Matt",2018,0.29,0.481,39,11.0,7.7
"Morales, Kendrys",2018,0.249,0.438,39,12.1,8.3
"Pham, Tommy",2018,0.275,0.464,36,10.1,6.3
"Pham, Tommy",2019,0.273,0.45,35,7.9,5.4
"Pillar, Kevin",2019,0.259,0.432,26,4.9,4.0
"Pollock, AJ",2018,0.257,0.484,32,10.0,7.0
"Realmuto, J.T.",2018,0.277,0.484,34,9.0,6.4
"Santana, Domingo",2019,0.253,0.441,35,12.1,6.9
"Schoop, Jonathan",2018,0.233,0.416,18,5.0,3.6
"Taylor, Chris",2017,0.288,0.496,30,8.0,5.3
"Tellez, Rowdy",2019,0.227,0.449,34,13.2,8.3
"Turner, Justin",2017,0.322,0.53,35,8.6,6.4
"Urshela, Gio",2019,0.314,0.534,25,7.0,5.3
"Voit, Luke",2019,0.263,0.464,38,13.2,7.5
"Yastrzemski, Mike",2019,0.272,0.518,30,11.2,7.3
"Adames, Willy",2019,0.254,0.418,32,8.4,5.5
"Adams, Matt",2017,0.274,0.522,27,10.6,7.4
"Anderson, Tim",2018,0.24,0.406,20,4.7,3.3
"Anderson, Brian",2019,0.261,0.468,31,8.9,6.0
"Andrus, Elvis",2017,0.297,0.471,23,4.2,3.3
"Benintendi, Andrew",2017,0.271,0.424,26,5.5,4.0
"Bour, Justin",2018,0.227,0.404,31,10.3,6.2
"Braun, Ryan",2018,0.254,0.469,35,10.8,7.9
"Broxton, Keon",2017,0.22,0.42,28,11.6,6.0
"Castillo, Welington",2017,0.282,0.49,25,10.2,6.8
"Davidson, Matt",2018,0.228,0.419,33,12.1,6.7
"Desmond, Ian",2019,0.255,0.479,34,10.4,7.1
"Dozier, Brian",2019,0.238,0.43,21,6.7,4.4
"García, Avisaíl",2019,0.282,0.464,43,11.7,8.1
"Gyorko, Jedd",2017,0.272,0.472,26,7.9,5.4
"Kepler, Max",2018,0.224,0.408,29,6.6,4.7
"Longoria, Evan",2017,0.261,0.424,27,5.2,4.0
"Longoria, Evan",2019,0.254,0.437,26,7.5,5.1
"Marte, Starling",2018,0.277,0.46,34,7.5,5.6
"Mazara, Nomar",2017,0.253,0.422,28,6.5,4.5
"Mazara, Nomar",2018,0.258,0.436,32,8.5,6.0
"McCutchen, Andrew",2018,0.255,0.424,36,8.4,5.3
"Molina, Yadier",2018,0.261,0.436,22,5.5,4.4
"Profar, Jurickson",2018,0.254,0.458,22,5.0,3.7
"Profar, Jurickson",2019,0.218,0.41,25,6.5,4.8
"Santander, Anthony",2019,0.261,0.476,23,7.7,5.7
"Villanueva, Christian",2018,0.236,0.45,24,9.7,6.3
"Zunino, Mike",2018,0.201,0.41,31,13.8,7.7
"Ahmed, Nick",2019,0.254,0.437,30,6.6,4.8
"Altherr, Aaron",2017,0.272,0.516,28,10.4,6.8
"Bregman, Alex",2017,0.284,0.475,22,4.7,3.5
"Calhoun, Kole",2017,0.244,0.392,25,5.7,3.8
"Calhoun, Kole",2018,0.208,0.369,34,9.3,6.2
"Camargo, Johan",2018,0.272,0.457,18,5.0,3.4
"Candelario, Jeimer",2018,0.224,0.393,23,6.0,3.7
"DeJong, Paul",2018,0.241,0.433,29,9.1,5.9
"Fowler, Dexter",2019,0.238,0.409,26,7.4,4.5
"García, Avisaíl",2018,0.236,0.438,30,11.6,7.8
"Hiura, Keston",2019,0.303,0.57,28,13.5,8.0
"Holliday, Matt",2017,0.231,0.432,27,10.2,6.3
"Kemp, Matt",2017,0.276,0.463,32,9.4,6.9
"Kepler, Max",2017,0.243,0.425,16,4.0,2.8
"Kingery, Scott",2019,0.258,0.474,25,8.0,5.0
"Mazara, Nomar",2019,0.268,0.469,35,10.7,7.5
"Merrifield, Whit",2017,0.288,0.46,26,5.1,4.1
"Pujols, Albert",2018,0.245,0.411,25,6.2,5.0
"Seager, Corey",2019,0.272,0.483,29,7.3,5.4
"Taylor, Michael A.",2017,0.271,0.486,26,9.8,6.0
"Turner, Trea",2018,0.271,0.416,31,5.8,4.2
"Turner, Trea",2019,0.298,0.497,28,6.8,4.9
"Alfaro, Jorge",2019,0.262,0.425,32,11.5,6.9
"Anderson, Tim",2019,0.335,0.508,20,5.1,3.9
"Belt, Brandon",2017,0.241,0.469,31,11.1,6.9
"Cabrera, Asdrúbal",2019,0.26,0.441,20,5.7,3.9
"Chavis, Michael",2019,0.254,0.444,23,10.5,6.0
"Chirinos, Robinson",2018,0.222,0.419,24,10.8,5.6
"Díaz, Aledmys",2018,0.263,0.453,27,7.4,6.0
"Flores, Wilmer",2017,0.271,0.488,17,5.9,4.7
"Fowler, Dexter",2017,0.264,0.488,21,6.5,4.3
"Frazier, Todd",2018,0.213,0.39,21,6.9,4.4
"García, Avisaíl",2017,0.33,0.506,36,8.8,6.4
"Gurriel, Yuli",2017,0.299,0.486,16,3.4,2.8
"Hedges, Austin",2017,0.214,0.398,18,6.7,4.3
"Hosmer, Eric",2018,0.253,0.398,28,5.9,4.1
"Kelly, Carson",2019,0.245,0.478,20,8.5,5.5
"Kipnis, Jason",2018,0.23,0.389,28,6.6,4.7
"McCann, Brian",2017,0.241,0.436,16,5.4,4.0
"McCann, James",2019,0.273,0.46,28,9.2,5.9
"Molina, Yadier",2017,0.273,0.439,26,5.9,4.8
"Myers, Wil",2019,0.239,0.418,30,11.2,6.1
"Odor, Rougned",2018,0.253,0.424,25,7.1,4.7
"Ohtani, Shohei",2019,0.286,0.505,34,12.2,8.0
"Sánchez, Gary",2018,0.186,0.406,32,13.9,8.6
"Solarte, Yangervis",2017,0.255,0.416,16,3.9,3.1
"Yelich, Christian",2017,0.282,0.439,33,7.0,4.8
"Anderson, Tim",2017,0.257,0.402,22,5.1,3.6
"Belt, Brandon",2019,0.234,0.403,35,8.7,5.7
"Beltré, Adrián",2017,0.312,0.532,17,5.8,4.4
"Bonifacio, Jorge",2017,0.255,0.432,24,9.0,5.7
"Brantley, Michael",2018,0.309,0.468,18,3.5,2.9
"Braun, Ryan",2017,0.268,0.487,26,8.4,6.1
"Cabrera, Melky",2017,0.285,0.423,21,3.8,3.2
"Canha, Mark",2018,0.249,0.449,25,9.0,6.1
"Chirinos, Robinson",2019,0.238,0.443,19,7.7,4.3
"Franco, Maikel",2019,0.234,0.409,23,6.9,5.4
"Gómez, Carlos",2017,0.255,0.462,22,8.8,5.2
"Goodwin, Brian",2019,0.262,0.47,18,6.3,3.9
"Kendrick, Howie",2019,0.344,0.572,33,11.4,8.9
"Kipnis, Jason",2019,0.245,0.41,21,5.5,4.1
"Martínez, José",2018,0.305,0.457,41,9.4,6.9
"Moncada, Yoán",2018,0.235,0.4,35,9.6,5.4
"Nimmo, Brandon",2018,0.263,0.483,19,6.5,3.6
"Realmuto, J.T.",2017,0.278,0.451,27,6.3,4.7
"Reddick, Josh",2018,0.242,0.4,14,3.9,2.9
"Schebler, Scott",2018,0.255,0.439,30,10.6,7.0
"Solarte, Yangervis",2018,0.226,0.378,18,4.5,3.6
"Swanson, Dansby",2019,0.251,0.422,37,10.1,6.8
"Taylor, Chris",2018,0.254,0.444,30,8.3,5.0
"Trumbo, Mark",2018,0.261,0.452,25,10.2,7.0
"Williams, Nick",2018,0.256,0.425,20,6.8,4.5
"Ahmed, Nick",2018,0.234,0.411,21,5.1,3.7
"Benintendi, Andrew",2018,0.29,0.465,31,6.4,4.7
"Biggio, Cavan",2019,0.234,0.429,21,9.0,4.9
"Buxton, Byron",2017,0.253,0.413,18,5.6,3.5
"Cabrera, Miguel",2017,0.249,0.399,38,10.5,7.2
"Castro, Starlin",2017,0.3,0.454,16,4.5,3.4
"Cron, C.J.",2017,0.248,0.437,25,10.2,6.7
"d'Arnaud, Travis",2017,0.244,0.443,19,6.5,5.1
"d'Arnaud, Travis",2019,0.251,0.433,21,7.7,5.4
"Davis, Chris",2018,0.168,0.296,29,10.3,5.6
"Dietrich, Derek",2018,0.265,0.421,22,6.1,4.0
"Gomes, Yan",2018,0.266,0.449,24,8.4,5.5
"González, Carlos",2018,0.276,0.467,22,6.2,4.4
"Goodrum, Niko",2018,0.245,0.432,25,8.0,5.1
"Gregorius, Didi",2019,0.238,0.441,15,5.5,4.4
"Guzmán, Ronald",2018,0.235,0.416,17,6.4,4.0
"Haniger, Mitch",2017,0.282,0.491,17,6.1,4.1
"Harrison, Josh",2017,0.272,0.432,11,2.7,2.0
"Jones, Adam",2019,0.26,0.414,26,6.7,4.9
"Longoria, Evan",2018,0.244,0.413,29,7.6,5.7
"Merrifield, Whit",2019,0.302,0.463,24,4.3,3.3
"Pillar, Kevin",2017,0.256,0.404,17,3.4,2.7
"Reynolds, Bryan",2019,0.314,0.503,25,6.7,4.6
"Winker, Jesse",2019,0.269,0.473,12,4.3,3.1
"Arcia, Orlando",2017,0.277,0.407,16,3.9,2.9
"Arcia, Orlando",2019,0.223,0.35,17,4.3,3.1
"Beltré, Adrián",2018,0.273,0.434,22,6.4,4.6
"Cain, Lorenzo",2017,0.3,0.44,17,3.5,2.6
"Carpenter, Matt",2019,0.226,0.392,21,7.2,4.3
"Cooper, Garrett",2019,0.281,0.446,26,9.5,6.2
"Correa, Carlos",2018,0.239,0.405,21,7.0,4.5
"Dahl, David",2019,0.302,0.524,28,10.3,6.8
"Dixon, Brandon",2019,0.248,0.435,29,11.2,6.9
"Drury, Brandon",2019,0.218,0.38,28,9.1,6.3
"Duvall, Adam",2018,0.195,0.365,28,10.4,6.6
"Eaton, Adam",2019,0.279,0.428,18,3.8,2.7
"Happ, Ian",2018,0.233,0.408,27,12.2,5.8
"Hernández, César",2018,0.253,0.362,19,4.2,2.7
"Hernández, Gorkys",2018,0.234,0.391,23,7.5,5.1
"Hicks, Aaron",2017,0.266,0.475,18,7.5,5.0
"Jones, Adam",2018,0.281,0.419,24,4.9,3.9
"Kiermaier, Kevin",2017,0.276,0.45,15,5.2,3.6
"LeMahieu, DJ",2018,0.276,0.428,24,5.2,4.1
"Moreland, Mitch",2018,0.245,0.433,37,12.1,8.1
"Morrison, Logan",2018,0.186,0.368,26,10.9,7.2
"Pillar, Kevin",2018,0.252,0.426,24,5.7,4.4
"Pollock, AJ",2019,0.266,0.468,19,8.0,5.6
"Ramos, Wilson",2018,0.306,0.487,22,7.2,5.3
"Reyes, José",2017,0.246,0.413,11,2.6,2.0
"Rosario, Amed",2019,0.287,0.432,21,4.2,3.2
"Semien, Marcus",2018,0.255,0.388,23,4.5,3.3
"Valencia, Danny",2017,0.256,0.411,19,5.7,3.8
"Votto, Joey",2019,0.261,0.411,28,6.9,4.6
"Avila, Alex",2017,0.264,0.447,29,15.0,7.7
"Belt, Brandon",2018,0.253,0.414,31,10.5,6.8
"Beltrán, Carlos",2017,0.231,0.383,17,4.6,3.3
"Cabrera, Asdrúbal",2017,0.28,0.434,19,4.7,3.5
"Crawford, Brandon",2017,0.253,0.403,24,5.8,4.2
"Crawford, Brandon",2018,0.254,0.394,15,3.6,2.5
"Díaz, Yandy",2019,0.267,0.476,26,10.4,7.5
"Duda, Lucas",2018,0.241,0.418,23,10.0,6.3
"Gomes, Yan",2017,0.232,0.399,14,5.7,3.7
"González, Carlos",2017,0.262,0.423,21,5.9,3.9
"Hernández, César",2019,0.279,0.408,14,2.7,2.1
"Herrera, Odúbel",2017,0.281,0.452,25,6.2,4.4
"Kiermaier, Kevin",2019,0.228,0.398,19,5.5,4.0
"Kinsler, Ian",2018,0.24,0.38,13,3.1,2.4
"Lowrie, Jed",2017,0.277,0.448,28,6.0,4.3
"Maldonado, Martín",2017,0.221,0.368,18,5.6,3.8
"Markakis, Nick",2018,0.297,0.44,17,3.1,2.4
"Marte, Ketel",2018,0.26,0.437,22,5.0,3.8
"Mercer, Jordy",2017,0.255,0.406,13,3.1,2.3
"O'Hearn, Ryan",2019,0.195,0.369,21,9.1,5.7
"Peralta, David",2017,0.293,0.444,18,4.1,3.1
"Peraza, José",2018,0.288,0.416,14,2.5,2.0
"Pérez, Hernán",2017,0.259,0.414,11,3.1,2.4
"Pollock, AJ",2017,0.266,0.471,20,5.6,4.3
"Ramos, Wilson",2019,0.288,0.416,19,4.7,3.6
"Reddick, Josh",2019,0.275,0.409,15,3.4,2.7
"Simmons, Andrelton",2017,0.278,0.421,13,2.5,2.0
"Swanson, Dansby",2018,0.238,0.395,15,4.1,2.8
"Turner, Justin",2018,0.312,0.518,24,7.7,5.6
"Villar, Jonathan",2018,0.26,0.384,17,5.1,3.3
"Walker, Neil",2017,0.265,0.439,15,4.8,3.3
"Altuve, Jose",2018,0.316,0.451,27,5.9,4.5
"Bautista, José",2018,0.203,0.378,17,7.9,4.3
"Benintendi, Andrew",2019,0.266,0.431,33,8.1,5.4
"Bryant, Kris",2018,0.272,0.46,26,9.1,5.7
"Canó, Robinson",2019,0.256,0.428,24,7.4,5.7
"Descalso, Daniel",2018,0.238,0.436,25,10.2,5.9
"Dickerson, Corey",2018,0.3,0.474,26,6.1,4.9
"Dietrich, Derek",2017,0.249,0.424,18,5.8,3.9
"Drury, Brandon",2017,0.267,0.447,17,4.9,3.5
"Galvis, Freddy",2018,0.248,0.38,18,3.9,2.7
"Gordon, Alex",2018,0.245,0.37,26,6.8,4.6
"Gordon, Alex",2019,0.266,0.396,25,5.4,3.9
"Gurriel, Yuli",2018,0.291,0.428,9,1.9,1.6
"Granderson, Curtis",2018,0.242,0.431,15,6.3,3.7
"Jansen, Danny",2019,0.207,0.36,16,5.9,4.2
"Margot, Manuel",2017,0.263,0.409,10,2.6,1.9
"Martin, Russell",2017,0.221,0.388,16,7.1,4.4
"McCann, James",2017,0.253,0.415,21,7.9,5.4
"Moran, Colin",2019,0.277,0.429,26,7.4,5.2
"Murphy, Daniel",2019,0.279,0.452,9,2.4,1.9
"Pearce, Steve",2017,0.252,0.438,17,6.9,4.9
"Pence, Hunter",2017,0.26,0.385,23,5.8,4.3
"Phillips, Brandon",2017,0.285,0.416,12,2.4,2.0
"Pinder, Chad",2019,0.24,0.416,21,8.2,5.7
"Piscotty, Stephen",2019,0.249,0.412,21,7.6,5.3
"Polanco, Jorge",2017,0.256,0.41,11,2.6,2.0
"Reddick, Josh",2017,0.314,0.484,16,3.8,3.0
"Severino, Pedro",2019,0.249,0.42,20,8.5,5.9
"Smith, Seth",2017,0.258,0.433,18,7.1,4.8
"Sogard, Eric",2019,0.29,0.457,7,2.1,1.6
"Spangenberg, Cory",2017,0.264,0.401,14,4.4,2.9
"Aguilar, Jesús",2019,0.236,0.389,18,7.5,4.9
"Alberto, Hanser",2019,0.305,0.422,14,2.9,2.5
"Andrus, Elvis",2019,0.275,0.393,18,3.5,2.8
"Bader, Harrison",2018,0.264,0.422,18,6.9,4.2
"Bader, Harrison",2019,0.205,0.366,23,9.9,5.7
"Bauers, Jake",2019,0.226,0.371,13,5.0,3.1
"Beckham, Tim",2018,0.23,0.374,16,5.9,4.0
"Bell, Josh",2018,0.261,0.411,28,7.0,4.8
"Cabrera, Miguel",2019,0.282,0.398,25,6.4,4.6
"Castro, Starlin",2018,0.278,0.4,33,6.9,5.1
"Cervelli, Francisco",2018,0.259,0.431,21,8.3,5.2
"Davis, Chris",2019,0.179,0.326,18,10.5,5.1
"Flowers, Tyler",2017,0.281,0.445,15,6.3,4.1
"Galvis, Freddy",2017,0.255,0.382,12,2.4,1.8
"Gardner, Brett",2018,0.236,0.368,12,2.8,2.0
"Gomes, Yan",2019,0.223,0.389,16,6.9,4.5
"Goodrum, Niko",2019,0.248,0.421,18,6.3,3.8
"Granderson, Curtis",2019,0.183,0.356,16,7.2,4.4
"Headley, Chase",2017,0.273,0.406,18,4.6,3.1
"Kipnis, Jason",2017,0.232,0.414,13,4.8,3.5
"Mahtook, Mikie",2017,0.276,0.457,15,5.5,4.0
"Maldonado, Martín",2019,0.213,0.378,19,7.6,5.1
"Margot, Manuel",2019,0.234,0.387,11,3.5,2.5
"Merrifield, Whit",2018,0.304,0.438,24,4.6,3.4
"Murphy, Daniel",2018,0.299,0.454,14,4.8,4.0
"Newman, Kevin",2019,0.308,0.446,9,2.1,1.7
"Núñez, Eduardo",2017,0.313,0.46,7,1.7,1.4
"Owings, Chris",2017,0.268,0.442,10,3.6,2.6
"Peralta, David",2019,0.275,0.461,16,5.4,3.8
"Phegley, Josh",2019,0.239,0.411,8,3.1,2.3
"Posey, Buster",2017,0.32,0.462,15,3.5,2.6
"Ruiz, Rio",2019,0.232,0.376,8,2.8,1.9
"Russell, Addison",2017,0.239,0.418,15,5.7,3.9
"Sánchez, Yolmer",2017,0.267,0.413,13,3.4,2.4
"Segura, Jean",2019,0.28,0.42,16,3.2,2.6
"Senzel, Nick",2019,0.256,0.427,22,8.0,5.3
"Span, Denard",2017,0.272,0.427,14,3.3,2.6
"Suzuki, Kurt",2018,0.271,0.444,12,3.9,3.1
"Taylor, Chris",2019,0.262,0.462,14,5.4,3.4
"Verdugo, Alex",2019,0.294,0.475,17,5.7,4.5
"Votto, Joey",2018,0.284,0.419,27,6.7,4.3
"Williams, Nick",2017,0.288,0.473,17,7.7,5.0
"Zobrist, Ben",2017,0.232,0.375,17,4.6,3.4
"Anderson, Brian",2018,0.273,0.4,27,5.8,4.0
"Barnhart, Tucker",2019,0.231,0.38,7,3.0,1.9
"Bauers, Jake",2018,0.201,0.384,16,7.0,4.1
"Bote, David",2019,0.257,0.422,12,5.7,3.4
"Brinson, Lewis",2018,0.199,0.338,23,8.7,5.7
"Cain, Lorenzo",2019,0.26,0.372,19,4.1,3.0
"Crawford, Brandon",2019,0.228,0.35,21,5.4,3.8
"Dozier, Hunter",2018,0.229,0.395,27,10.6,7.0
"Edman, Tommy",2019,0.304,0.5,14,5.3,4.0
"Flores, Wilmer",2018,0.267,0.417,10,2.8,2.3
"Gamel, Ben",2017,0.275,0.413,16,4.1,2.9
"Gyorko, Jedd",2018,0.262,0.416,21,7.6,5.2
"Hedges, Austin",2019,0.176,0.311,17,8.3,4.9
"Heyward, Jason",2017,0.259,0.389,15,4.1,3.1
"Iannetta, Chris",2018,0.224,0.385,20,9.3,5.6
"Inciarte, Ender",2017,0.304,0.409,3,0.5,0.4
"Jones, JaCoby",2018,0.207,0.364,17,5.9,3.6
"Moran, Colin",2018,0.277,0.407,18,5.3,3.9
"Myers, Wil",2018,0.253,0.446,16,7.3,4.7
"Polanco, Gregory",2017,0.251,0.391,12,3.8,2.9
"Ramírez, Harold",2019,0.276,0.416,21,6.3,4.7
"Rojas, Miguel",2018,0.252,0.346,4,0.9,0.8
"Segura, Jean",2017,0.3,0.427,14,3.2,2.5
"Simmons, Andrelton",2018,0.292,0.417,21,4.1,3.5
"Span, Denard",2018,0.261,0.419,10,2.7,2.0
"Travis, Devon",2018,0.232,0.381,15,5.1,4.0
"Turner, Trea",2017,0.284,0.451,18,5.4,4.0
"Villar, Jonathan",2017,0.241,0.372,15,5.5,3.4
"Walker, Neil",2018,0.219,0.354,16,6.1,4.0
"Wong, Kolten",2019,0.285,0.423,9,2.2,1.6
"Alfaro, Jorge",2018,0.262,0.407,22,10.6,5.8
"Barnhart, Tucker",2018,0.248,0.372,13,3.5,2.5
"Bogaerts, Xander",2017,0.273,0.403,6,1.3,0.9
"Cain, Lorenzo",2018,0.308,0.417,15,3.4,2.4
"Canó, Robinson",2018,0.303,0.471,22,8.3,6.3
"Castro, Jason",2017,0.242,0.388,17,6.8,4.2
"Contreras, Willson",2018,0.249,0.39,26,7.3,4.8
"Descalso, Daniel",2017,0.233,0.395,13,5.1,3.3
"Frazier, Adam",2018,0.277,0.456,11,4.1,3.1
"Frazier, Adam",2019,0.278,0.417,9,1.9,1.5
"Freese, David",2017,0.263,0.371,20,6.4,4.0
"Inciarte, Ender",2018,0.265,0.38,8,1.5,1.2
"Martin, Russell",2018,0.194,0.325,13,6.3,3.7
"Martinez, Victor",2017,0.255,0.372,18,5.4,4.1
"Martínez, José",2019,0.269,0.41,18,7.1,4.8
"Maybin, Cameron",2017,0.228,0.365,10,3.3,2.2
"Molina, Yadier",2019,0.27,0.399,14,3.8,3.1
"Núñez, Eduardo",2018,0.265,0.388,14,3.4,2.8
"Panik, Joe",2017,0.288,0.421,12,2.6,2.1
"Parra, Gerardo",2017,0.309,0.452,7,2.1,1.6
"Pirela, José",2017,0.288,0.49,11,4.5,3.2
"Segura, Jean",2018,0.304,0.415,19,3.6,3.0
"Semien, Marcus",2017,0.249,0.398,12,4.6,3.1
"Stewart, Christin",2019,0.233,0.388,20,7.4,4.8
"Wieters, Matt",2017,0.225,0.344,13,3.9,2.8
"Wilkerson, Stevie",2019,0.225,0.383,8,3.6,2.2
"Brantley, Michael",2017,0.299,0.444,12,4.1,3.2
"Bruce, Jay",2018,0.223,0.37,22,9.0,6.1
"Goins, Ryan",2017,0.237,0.356,10,3.0,2.2
"Gómez, Carlos",2018,0.208,0.336,13,5.0,3.2
"Gordon, Alex",2017,0.208,0.315,16,4.5,3.0
"Grossman, Robbie",2017,0.246,0.38,9,2.9,2.0
"Hernández, César",2017,0.294,0.421,12,2.9,2.1
"Maldonado, Martín",2018,0.225,0.351,14,5.0,3.5
"Markakis, Nick",2019,0.285,0.42,11,3.0,2.3
"Martinez, Victor",2018,0.251,0.353,20,4.7,3.9
"Miller, Brad",2017,0.201,0.337,14,6.0,3.4
"Piña, Manny",2017,0.279,0.424,10,3.9,2.8
"Piscotty, Stephen",2017,0.235,0.367,17,6.6,4.2
"Rosario, Amed",2018,0.256,0.381,17,3.9,2.9
"Tapia, Raimel",2019,0.275,0.415,12,3.7,2.7
"Wong, Kolten",2018,0.249,0.388,10,3.3,2.5
"Zobrist, Ben",2018,0.305,0.44,12,3.0,2.3
"Candelario, Jeimer",2019,0.203,0.337,14,5.9,3.6
"Harrison, Josh",2018,0.25,0.363,11,3.9,2.9
"Heyward, Jason",2018,0.27,0.395,11,2.9,2.3
"Kingery, Scott",2018,0.226,0.338,17,5.1,3.5
"LeMahieu, DJ",2017,0.31,0.409,10,1.9,1.5
"Margot, Manuel",2018,0.245,0.384,13,3.3,2.5
"Markakis, Nick",2017,0.275,0.384,16,3.3,2.4
"McCann, James",2018,0.22,0.314,16,5.1,3.5
"Sánchez, Yolmer",2018,0.242,0.372,14,3.0,2.1
"Utley, Chase",2017,0.236,0.405,11,4.3,3.1
"Walker, Neil",2019,0.261,0.395,17,6.5,4.5
"Aybar, Erick",2017,0.234,0.348,5,1.8,1.4
"Barnhart, Tucker",2017,0.27,0.403,7,2.3,1.7
"Cabrera, Melky",2019,0.28,0.399,7,2.1,1.8
"Crawford, J.P.",2019,0.226,0.371,9,3.4,2.3
"Desmond, Ian",2017,0.274,0.375,7,2.7,1.9
"Difo, Wilmer",2018,0.23,0.35,8,2.4,1.8
"Dyson, Jarrod",2019,0.23,0.32,5,1.6,1.1
"Ellsbury, Jacoby",2017,0.264,0.402,8,2.7,2.0
"Escobar, Yunel",2017,0.274,0.397,15,5.0,3.9
"Forsythe, Logan",2019,0.227,0.353,12,5.5,3.3
"Gamel, Ben",2019,0.248,0.373,8,3.8,2.2
"Holt, Brock",2018,0.277,0.411,9,3.6,2.5
"Kiermaier, Kevin",2018,0.217,0.37,11,4.5,3.0
"Mauer, Joe",2017,0.305,0.417,20,4.5,3.4
"Pedroia, Dustin",2017,0.293,0.392,4,1.1,0.9
"Posey, Buster",2019,0.257,0.368,16,4.8,3.6
"Rengifo, Luis",2019,0.238,0.364,16,6.0,3.9
"Simmons, Andrelton",2019,0.264,0.364,6,1.7,1.4
"Wendle, Joey",2018,0.3,0.435,11,2.7,2.0
"Adrianza, Ehire",2018,0.251,0.379,13,5.0,3.6
"Andrus, Elvis",2018,0.256,0.367,14,4.2,3.3
"Barney, Darwin",2017,0.232,0.327,1,0.4,0.3
"DeShields, Delino",2017,0.269,0.367,8,2.8,1.8
"Engel, Adam",2018,0.235,0.336,8,2.6,1.7
"Escobar, Alcides",2017,0.25,0.357,11,2.2,1.7
"Fletcher, David",2019,0.29,0.384,1,0.2,0.2
"Forsythe, Logan",2017,0.224,0.327,10,3.9,2.3
"Frazier, Adam",2017,0.276,0.399,7,2.0,1.5
"Grossman, Robbie",2019,0.24,0.348,8,2.4,1.7
"Heredia, Guillermo",2017,0.249,0.337,5,1.5,1.2
"Lucroy, Jonathan",2017,0.265,0.371,9,2.4,1.9
"Mauer, Joe",2018,0.282,0.379,20,5.0,3.7
"Mercer, Jordy",2018,0.251,0.381,15,4.8,3.4
"Parra, Gerardo",2018,0.284,0.372,9,2.7,2.0
"Peraza, José",2019,0.239,0.346,1,0.3,0.2
"Smith, Mallex",2019,0.227,0.335,8,2.2,1.4
"Swanson, Dansby",2017,0.232,0.324,11,3.0,2.0
"Taylor, Michael A.",2018,0.227,0.357,15,6.3,3.9
"Castro, Harold",2019,0.291,0.384,10,3.6,2.7
"Davis, Rajai",2017,0.235,0.348,6,2.4,1.6
"Difo, Wilmer",2017,0.271,0.37,6,2.3,1.6
"Dyson, Jarrod",2017,0.251,0.35,5,1.7,1.3
"Eaton, Adam",2018,0.301,0.411,8,3.1,2.2
"Grossman, Robbie",2018,0.273,0.384,7,2.2,1.5
"Panik, Joe",2019,0.244,0.336,8,2.0,1.6
"Peraza, José",2017,0.259,0.324,7,1.7,1.4
"Pirela, José",2018,0.249,0.345,12,3.4,2.5
"Posey, Buster",2018,0.284,0.382,18,5.2,4.0
"Rojas, Miguel",2019,0.284,0.379,11,2.6,2.1
"Russell, Addison",2018,0.25,0.34,7,2.2,1.5
"Vázquez, Christian",2017,0.29,0.404,7,2.7,2.0
"Asuaje, Carlos",2017,0.27,0.362,4,1.7,1.2
"DeShields, Delino",2019,0.249,0.347,6,2.2,1.5
"Duffy, Matt",2018,0.294,0.366,5,1.2,0.9
"Escobar, Alcides",2018,0.231,0.313,9,2.1,1.7
"Garcia, Greg",2019,0.248,0.354,6,2.6,1.6
"Hamilton, Billy",2017,0.247,0.335,2,0.4,0.3
"Hamilton, Billy",2018,0.236,0.327,2,0.5,0.4
"Jankowski, Travis",2018,0.259,0.346,2,0.7,0.5
"Kiner-Falefa, Isiah",2018,0.261,0.357,2,0.7,0.5
"Lucroy, Jonathan",2018,0.241,0.325,8,2.2,1.8
"Maybin, Cameron",2018,0.249,0.336,11,4.1,2.9
"Panik, Joe",2018,0.254,0.332,9,2.7,2.3
"Romine, Andrew",2017,0.233,0.336,4,1.6,1.1
"Strange-Gordon, Dee",2018,0.268,0.349,1,0.2,0.2
"Wong, Kolten",2017,0.285,0.412,9,3.0,2.2
"Arcia, Orlando",2018,0.236,0.307,6,2.3,1.6
"Jackson, Austin",2018,0.245,0.326,6,2.8,1.6
"Jay, Jon",2018,0.268,0.347,8,1.8,1.4
"Strange-Gordon, Dee",2019,0.275,0.359,0,0.0,0.0
"DeShields, Delino",2018,0.216,0.281,3,1.1,0.8
"Forsythe, Logan",2018,0.232,0.291,3,1.0,0.7
"Jay, Jon",2017,0.296,0.375,2,0.7,0.5
"Lopez, Nicky",2019,0.24,0.325,4,1.2,1.0
"Sánchez, Yolmer",2019,0.252,0.321,4,1.0,0.7
"Smith, Mallex",2018,0.296,0.406,6,1.5,1.1
"Strange-Gordon, Dee",2017,0.308,0.375,1,0.2,0.1
"Wolters, Tony",2019,0.262,0.329,0,0.0,0.0
"Hamilton, Billy",2019,0.218,0.275,0,0.0,0.0
"Hernández, Gorkys",2017,0.255,0.326,4,1.7,1.1
